id,name,lat,lon,probability_closed,prediction
36b0523f-c406-4df2-9ac8-78977935b8f4,191 Restaurant & Bar,37.39385614693012,-122.07880407571793,0.98680854,Closed
0b2be517-333e-477c-93dc-34c4b85b9e59,Buffalo,37.392744,-122.079787,0.9622769,Closed
416e9512-dbfb-4aa6-b35e-6eb1fedc15fe,Bangkok Spoon,37.39355175138892,-122.0779286163908,0.9576576,Closed
9b85874e-0f1a-4eb4-9cac-3d9b689ccc37,Bushido,37.39445447736987,-122.07876472630197,0.9538089,Closed
e6245c48-c42b-4685-b796-dd414b89045c,Bierhaus,37.39132086278706,-122.0803604745659,0.9516831,Closed
66942fad-f43e-4614-989c-bfe594a485fb,Tirupathi Bhimas,37.38668554902466,-122.08509903713649,0.9505831,Closed
d735ad66-cf3b-4bcf-9055-2bcb53910b70,Maharaja Indian Cuisine,37.39352278175486,-122.07946847128096,0.9505831,Closed
795f78a9-9cce-49ae-92e6-07788f17dae6,Godavari,37.39369127295763,-122.07940626879136,0.9505831,Closed
a3e26940-7ccf-4e58-b10a-5a9da48be4e4,Shezan,37.39369127295763,-122.07940626879136,0.9505831,Closed
0987fa57-cb6a-4f6f-a828-1f11522fbc3b,Shabuway,37.39419158902473,-122.07898727724952,0.89199173,Closed
c4c58652-02ff-49bb-b537-6cf0fbe29436,Ludwig’s Biergarten,37.391382,-122.080149,0.89199173,Closed
f72dea64-35f9-4878-997f-4000704fb46d,Le Plonc,37.39198923876672,-122.07981267768751,0.8892035,Closed
27d62c77-9a0e-4afa-9ceb-acb102f73fbd,B'Zu Cafe,37.394125565891095,-122.07899251628527,0.8832679,Closed
04f6f397-7ae1-49fa-8924-2ab0002a6ca1,Park Balluchi,37.392864461445974,-122.07971969966258,0.8733401,Closed
2842aa59-959a-497c-8128-6d34cedcdd2b,Vada Pav,37.38668554902466,-122.08509903713649,0.8648935,Closed
ce7556b9-01d7-4706-9368-c60121505aeb,Tied House Brewery & Cafe,37.394675374133854,-122.08054154005835,0.85717225,Closed
e3e30f2a-4dc2-4f50-8e9c-853fe0d1b034,Kappo Nami Nami,37.39332392902578,-122.07941472368175,0.8487361,Closed
aebd5d2b-da95-427f-aeb2-b4a72225ebd7,Sono Sushi,37.391732,-122.080133,0.8479144,Closed
c7a24a7f-95aa-4bbb-b88f-0bfb8b3042c7,Yakko Sushi,37.39317003433166,-122.08160779737969,0.8479144,Closed
81e80dac-7d27-41f9-a4c1-5001634a6027,Niji Sushi,37.39227016256444,-122.07912753012633,0.8479144,Closed
536c3608-6c3e-41bf-a6b3-ae926a953b67,Subway,37.39420511438118,-122.07749403222455,0.8466824,Closed
5990420a-fcd1-4368-86d8-d64ea7acf868,Zucca,37.39411191102149,-122.078889,0.8353128,Closed
f7e72dde-ff06-452b-ba32-11532e761cfd,Ginseng Korean BBQ + Tofu,37.390462784306614,-122.0808184351182,0.83265483,Closed
3a9a29fe-b3b3-4f98-b93d-45ca1637c5ae,Tina's Kusina,37.39232670015192,-122.07832880212263,0.8175758,Closed
b29e6b15-eab0-4cd8-9443-390fe9c9c63c,Shell Shock Restaurant,37.3946670616367,-122.078467130753,0.79901874,Closed
b35a52be-bce1-43c3-a5fe-ee2407fdffbb,K Z Kitchen Cabinets & Stone,37.386658,-122.086385,0.7989625,Closed
1b6632f0-b70f-48fa-8476-963a0e6d9816,Stomach,37.3928384495955,-122.07985980902853,0.79381657,Closed
67930f5b-64cc-4f59-8e81-64da476f78e2,Sana'a Cafe,37.387737,-122.08304,0.7840367,Closed
2e13c9d0-dcc8-4f9b-a4a9-81adaedc5f37,Rumble Fish Japanese Restaurant,37.39179811026143,-122.08015468814948,0.7816557,Closed
a2c3dbb6-663f-4f16-9a09-1d72aa99abf1,The Cantankerous Fish,37.390984622339836,-122.08083987236023,0.77792877,Closed
0a9056e0-9ddc-40dc-a63a-8d51403cf0d6,Taco Bell,37.38694992780213,-122.08562740077416,0.7661393,Closed
af22396c-b2e4-48e3-9f01-d84044bf2ee4,Hangen Szechuan Restaurant,37.39463604374353,-122.07854557045826,0.759461,Closed
a8d407c6-7f0e-4bec-a8a1-085f943d9fba,la PanotiQ Bakery Cafe,37.39205950440691,-122.0799054256605,0.73650295,Closed
fe9924ec-835e-40fd-8a73-f67e7b58c2f5,Scott's Seafood,37.390946806632044,-122.08090664861521,0.7344101,Closed
051ca2c6-2a5f-4551-86f7-5f101d80ca91,Phở Tô Châu,37.39402657499732,-122.07964923719167,0.73152757,Closed
b39e44a2-0332-450f-a049-5b2fabfcc9a1,Tsunami Sushi,37.393644,-122.078964,0.72778404,Closed
b8ce2d2d-078a-4a9c-830d-1e8e38bed283,HoneyCreek,37.394799354492434,-122.07856529953106,0.71068585,Closed
381c236e-13ef-4bdb-afaf-42755d7a988f,Hunan Chili,37.395052086482124,-122.07844323729225,0.71068585,Closed
734ff7e9-911f-48f7-b648-c7ccf4a734d9,Golden Wok,37.39391110277458,-122.07999089631943,0.71068585,Closed
7edf1753-f1f9-40dd-85a8-e241161449f6,Rootstock Wine Bar,37.39196175929072,-122.07973960053585,0.70528173,Closed
89253f48-7a2d-4c81-82b1-f27002ab8f9f,Wienerschnitzel,37.39140806942158,-122.08013818126719,0.7033178,Closed
add96414-9942-4c44-bea7-f27b4d89824d,Omelette House @ Ava's,37.39211626939409,-122.08032059210454,0.70248866,Closed
3f29326e-848c-44ca-ac41-bdf590524af9,Gyros House,37.39366724031988,-122.07926992886097,0.68842256,Closed
b884ace9-455b-4b9f-808e-614cf83cec2c,Kamei Japanese House,37.39342997922866,-122.07939176773206,0.68367416,Closed
26744811-8dde-4f95-abd1-975ee966a344,Sushi Arashi,37.39352278175486,-122.07946847128096,0.6806473,Closed
3cb76b58-2168-433c-a5dc-ba85d17ffd94,Ephesus,37.39400214665729,-122.07879194336974,0.678803,Closed
9cfa7b7f-09a3-457e-a0d2-ced6d7e30f69,Terra Patio & Garden,37.38744144364518,-122.08642885798555,0.6786375,Closed
63271670-0e28-4132-a172-a556da81306a,Double Rainbow Gourmet Ice Cream & Dessert Cafe,37.39439994574457,-122.07822917817285,0.67621094,Closed
b64b0492-0c69-48a1-8fc2-3e48f240e6ad,Global Village Cafe,37.39348602294922,-122.078857421875,0.66931844,Closed
02c3d189-0680-4f53-afe4-2bce1ad04923,Morgan Stanley,37.38797908815749,-122.08309601073168,0.641094,Closed
b2496bed-e287-4718-b6f5-92edb7b3ecf1,Tapioca Express,37.39370740413646,-122.07839965685599,0.63546866,Closed
a9a44578-7d38-4053-9c13-6910d14dccc9,The Grill Story,37.39037637346282,-122.08079642755513,0.6308206,Closed
0d08c152-954d-44cd-a55e-12ccc201314e,Beyond Threads,37.393055151584136,-122.07958562485842,0.6264102,Closed
7c7ca240-2e6a-41d1-8791-1c6dcccc434b,Xanh Restaurant,37.39483252131053,-122.07838360012882,0.60931075,Closed
1874505e-1d6b-46af-90e6-1bea45b3afb8,Sakoon,37.39172374806272,-122.08019892872248,0.6072719,Closed
82524737-4858-4e6d-9aac-73b8f77909e4,E&W Natural Way Health Food Center,37.39258077085402,-122.07934463977979,0.6055306,Closed
7a84e18a-a170-4c86-8f3c-8bfb0bd9b4ab,Yoga Belly,37.39050027456873,-122.08044555157018,0.57523733,Closed
6f79a1e1-90e2-4e96-9d80-e0502c251a58,Eyebrow Station,37.392937999160644,-122.08029464974767,0.57484066,Closed
cb73d85c-8271-479e-8d8e-af9dfadf883e,Rocket Fizz,37.39269121053641,-122.07981551943132,0.56717837,Closed
f1649db5-9e7c-4784-9b38-0c4dcc6eb040,Ego Blinds,37.386723396506035,-122.08502959315459,0.5559656,Closed
a197766f-3ae6-4ff2-a3fa-f1f85b892f5d,T. Castle,37.393635,-122.07824,0.5449546,Closed
05d2f804-7f71-49a6-9ef2-cdc9818f44d3,The Posh Bagel,37.39053116716731,-122.08115983843561,0.537638,Closed
e9bdae28-8ee3-4b08-8af5-d27abe151573,Kirin Chinese Seafood Restaurant,37.3903385281935,-122.08086587735191,0.4394908,Open
19e503ed-749b-4b4f-abd7-fad37439604f,Quova,37.39091295323889,-122.0801822526612,0.42781952,Open
61cfe557-bf67-463c-88a1-47ccc686f890,Legal Zoom,37.39438909614895,-122.07973121177709,0.41573986,Open
8fd171b8-fa4e-4ba2-9928-41a226676de7,Peninsula Law Group APLC,37.3876897978357,-122.08436780112936,0.41573986,Open
1ac8f009-db79-49f1-af16-6af1d17ca9ea,TCBY,37.387862426729534,-122.08244560142785,0.4059248,Open
c89049e9-13c2-4c4c-9f9a-b768eab4b830,Churchill Club at Fenwick & West,37.39132514097786,-122.0812783980996,0.38773286,Open
701d7212-cadb-4bc6-bcb3-172c78923d7d,Opal Social Club,37.39306913223424,-122.07894242341087,0.36912054,Open
27270bb2-60b5-4313-a843-524c3de32b4d,Mervyn's / Umai Sushi Restaurant & Lounge,37.3934831,-122.079639,0.36386973,Open
5bf530da-dba1-4156-8a41-6ffd2d75c29c,Serene Spa,37.39353362398479,-122.07796644757225,0.31138545,Open
5db5ee35-a86c-4bee-92e6-c7ac12543a41,Madeby,37.392808,-122.07938,0.31055522,Open
045ab57c-46da-4c71-bac1-934d8b017677,Hair By Soria,37.39435125164382,-122.0798006650883,0.3055629,Open
31e3a803-893c-486d-a948-8d32954b90f9,WSO2,37.38747047253317,-122.08242384012243,0.27435488,Open
562b7a66-030e-4512-bf9a-a0b7f7021d15,Center Tailor & Alterations,37.393015,-122.079267,0.2737653,Open
19d7aa7e-bd13-4d4a-a7d6-12d0b20683fd,Independent Order of Odd Fellows,37.39373948257805,-122.0791942838298,0.26943704,Open
1a0f09fb-954f-4ebe-8934-f68933022c98,Hair & Now,37.39306913223424,-122.07894242341088,0.2393693,Open
670dcea1-3115-49e1-870f-94b6649dd0bf,Fashion Cuts and Barber Shop,37.392937999160644,-122.08029464974767,0.2393693,Open
80f51231-2142-4ceb-95a0-7aec6fcda4d6,Mahalo Bowl,37.387951609223286,-122.08302293703707,0.23204097,Open
a53fe019-1997-42c9-8f05-49530f2777ed,TheatreWorks,37.38946133294085,-122.08210507961965,0.2259805,Open
9b084747-fc7b-4d43-a56b-ba2a1171728e,Kelly's Healing Massage,37.39359894775396,-122.07797007197782,0.215001,Open
5467c37e-b0cc-477e-ab38-b275ce3c1aa2,OPAL Venue & Event Space,37.39302092322998,-122.07915440746997,0.21206965,Open
7a28bc09-9597-4f46-983d-2b8b6703a28e,Cafe Baklava,37.3919945,-122.0799347,0.20727327,Open
69f451bc-3fe3-4bff-9ab6-69a6fe9ad5fa,Krillion,37.39161173889457,-122.077788264442,0.19755697,Open
cb489147-26d4-4e6b-85b7-c861b996de29,Villa Rouge,37.39359894775396,-122.07797007197782,0.1864379,Open
90822328-a4ec-42f2-97fa-fcb917e18e35,Bank of America,37.390221558358654,-122.08146078806413,0.169536,Open
1e89b559-9f93-4f03-ac10-ea60442a936a,Farming With Nature,37.3928357866527,-122.07764151536442,0.15675373,Open
b1b87d70-431e-43ad-a2e4-2fcf8b4bdec2,Integrative Bioinformatics,37.38727993877249,-122.07647470005557,0.14769301,Open
cd59a200-2a88-4546-96aa-4962adbdca33,Stampli,37.394338234658775,-122.07772487277043,0.14634088,Open
b281097a-3a3d-40f1-9fc0-11450b3c8d4f,La Fontaine Restaurant,37.3941479,-122.0790178,0.14347076,Open
8f8b6930-e41e-4976-b49d-3c7511310829,Chez TJ,37.3945529,-122.080472,0.14347076,Open
25f80f2b-4811-40d3-87eb-720a469f78c8,Mountain View Art Frame Studio,37.39305876752388,-122.07908495452293,0.14068195,Open
51bf132c-f13b-468d-9032-80845049fe13,Mountain View City Hall,37.38949454840687,-122.08190511114414,0.13885848,Open
cc3ddc92-0440-4bfe-950b-ba22786c75e6,Iteration Software,37.388017,-122.083027,0.13318717,Open
70ef9f57-6736-4c5d-be2e-18de625d466a,Monthly Comedy at Red Rock,37.39362956563658,-122.07890196986905,0.12665574,Open
c0215ba3-d951-40c1-9384-0aeef61535cb,Four Connections Om/ Carol Chen Clinic,37.392037448529834,-122.07960069690364,0.12287576,Open
1a71277e-f314-4535-a50d-d3dfe367cf83,Protonshub Technologies,37.387665,-122.08491,0.120432645,Open
062f5205-6c68-4f90-812d-c0c154e2da99,Crepevine Restaurants,37.39252849,-122.0800993,0.0983341,Open
20a1ef1a-845d-416b-9e07-2f37c069c22e,Crepevine Restaurants,37.3923977,-122.0798313,0.0983341,Open
f1a47422-a6f2-438b-87c7-29a5d03eff57,Crepevine Restaurant,37.39251804,-122.0801144,0.0983341,Open
b895367f-fbc4-495d-baa4-b1a34551cbdb,St. Joseph Catholic Church,37.38822377302315,-122.08153553283665,0.09547152,Open
1ea71822-4be3-4833-a539-7e7bf08319b7,Jersey Mike's Subs,37.39003,-122.08123,0.08755967,Open
78d91eb2-45d9-4555-b780-194f9e5b25ff,Amici's East Coast Pizzeria,37.3874513,-122.0835226,0.085663065,Open
7c601e79-8e0d-4424-86e1-668aee3e44c6,Paris Baguette,37.39229335,-122.0796885,0.07760233,Open
3cf5bc83-4bf1-45c9-b22d-40877446d675,"Ronnie Falcao, LM, MS, CPM",37.38766873037081,-122.07563765646765,0.07669503,Open
04926e27-f75f-4091-981b-dccf3fef84be,QBB,37.3936126,-122.0792104,0.074282736,Open
59a8302e-b92c-4b01-b0f6-f3bbb7663d58,Rootstock Wine Bar,37.3920257,-122.0798543,0.07335419,Open
2784946a-7636-4616-8349-6f8c50129010,Eagle Park Pool,37.388730555218565,-122.085498227492,0.069575906,Open
e8db9de9-76f6-4e57-b1f6-2ea8c8e000c2,Seasons Noodles & Dumplings Garden,37.3935413,-122.0779394,0.06885149,Open
e91510e8-03e1-4851-8cad-69e436dca289,Techmave Software,37.391163629684975,-122.0807647705078,0.06698497,Open
8cf0ae08-0b8b-437b-b60a-45e4df2286d6,Workato,37.393536762679034,-122.07882526646858,0.06698497,Open
29eb4097-b7b6-4bca-b8f9-4c2c453f7b27,Face-N-Body,37.39425845021455,-122.07972396079987,0.06455658,Open
261ae9ff-526f-4576-88ff-ab6eb0390b60,Movement Chiropractic & Wellness,37.392261375822805,-122.07832517754558,0.060652643,Open
e7876736-c7ff-4dbf-af79-4e08e16a841b,Scratch,37.3911627,-122.0804586,0.05575019,Open
0c356138-3efe-4b2b-9bab-d264c6133d64,Pharmacy | Kaiser Permanente Mountain View Medical Offices,37.38924,-122.08135,0.055323146,Open
88a90310-295a-400c-8db7-2ec1f818dd0f,Bay Biryanis,37.3922301,-122.0784033,0.054436088,Open
93f5c61d-90da-439c-bc83-00c3583a9681,Steins Beer Garden & Restaurant,37.3940522,-122.0800238,0.053101886,Open
6f474f65-c205-4cdf-a687-73347c1bf632,Savvy Cellar Wine Bar,37.3950158,-122.0779477,0.053101886,Open
4d2fb421-2058-4c91-96fe-22ffbbe7cc07,Steins Beer Garden Mountain View,37.39389,-122.07997,0.053101886,Open
5f11b618-b7d4-4914-8a78-0387b82abcda,US Post Office,37.3930076,-122.0777117,0.05179361,Open
fbd890e0-a9e4-4501-86ab-1076e8d7b41b,Sakoon,37.3917401,-122.0800809,0.05081059,Open
c9726554-ee96-483e-8bed-d114ae323eab,KiwiCo Pop-Up Shop,37.392719,-122.079303,0.05069647,Open
45fbaf6f-917c-4409-ba2b-b9e5d9bf1751,Rumble Fish Japanese Restaurant,37.3916018,-122.0797083,0.04915278,Open
5e915c06-aa40-4c68-a7d1-c978ac449ef0,New Mongolian BBQ,37.3924278,-122.0799508,0.048734985,Open
230554dc-2f97-40da-b539-c324de3e8961,Mediterranean Grill House,37.387716,-122.0829274,0.046770558,Open
cfc45e65-12c7-43c9-b82c-21b648a08d2e,Americas Best Value Inn Mountain View,37.387264251709,-122.08602142334,0.044983182,Open
8c3b6592-739f-4ec3-9202-0aec825c8002,Baklava Mountain View,37.3921114,-122.0797757,0.0424507,Open
8247a6b6-505f-4437-9aac-f04cca6a1cfa,Gluten Free Pizza Garden (Mountain View),37.3872434,-122.0832946,0.04008035,Open
3418fbf9-5cd8-430d-a71f-de11b67499ba,Chennai Kings,37.38669,-122.08492,0.034454137,Open
4b6fbcca-809b-4129-8d70-151d3c3cc3a1,bytewise organic,37.392684,-122.076576,0.032975934,Open
d4d2b0c0-5b0e-4f48-a664-858c2de6be22,Doppio Zero Mountain View,37.394401,-122.0789304,0.031757228,Open
dc58311b-0c3e-4bcb-ba7c-9b9a58b62745,Mervyn's Lounge & Restaurant,37.3934542,-122.0795582,0.030563867,Open
316e4d38-7e53-4be2-ae0e-2d80204d53b7,Shoreline West,37.390677078438635,-122.08567849869483,0.030393677,Open
ae2abe0c-d381-4d96-8d86-750d61d0f1cb,Dental House of Wellington,37.392934,-122.084831,0.029002411,Open
c5935146-5676-4042-b186-2935b80ef122,Blue Line Pizza,37.3945957,-122.0786615,0.028276958,Open
de9b0840-7366-4499-9a27-0cdbc526e285,Hummus Mediterranean Kitchen,37.3939435,-122.0786169,0.027348792,Open
29ebbb1b-b173-4c14-8eea-3a4838bad8f7,Olympus Caffe & Bakery,37.3945297,-122.0783579,0.027348792,Open
76b5ca5f-bf82-4758-aba7-5e8163f1ecc9,Verde Tea Cafe,37.3941112,-122.0795273,0.027056383,Open
a58bce55-d81a-4176-a24f-0bb0b1ec36d2,A & J Couture,37.393043,-122.079055,0.026360001,Open
84dd12f3-0afc-4395-9ccf-95bfd6dcb167,Bean Scene Cafe,37.3901865,-122.0819096,0.025642693,Open
6242d9a9-f873-443d-b866-e66138dd864a,Cafe Baklava,37.3919768,-122.0798857,0.025642693,Open
097115fe-a941-44c6-bca1-d7e487f5b6d1,Queen House Chinese Restaurant,37.3929579,-122.0793415,0.025642693,Open
57f33216-483c-4fe9-9a9a-076920e5ca3b,Fiesta Del Mar Too,37.3934683,-122.0782519,0.024617616,Open
e443013b-d7ca-4d66-af68-206b0eb25144,Amarin Thai Cuisine,37.3944024,-122.0787571,0.024387397,Open
a3773b06-5c31-44b0-a6ee-4580ea1746eb,#1 Locksmith,37.388942,-122.081987,0.023960708,Open
14bb1a19-aeca-467d-a040-97ccdbf64259,Nick The Greek,37.392741,-122.0798608,0.023104887,Open
5ae19f1d-374c-4e8c-b66f-65c6e7eba69f,Vida Tapas Y Cocteles,37.3948841,-122.0785462,0.023076786,Open
9920c38c-dda3-4132-b7e1-a1162a805ee4,Mantra India Restaurant & Bar,37.392847,-122.079766,0.022887386,Open
c3147037-ded0-494f-938c-5168518d308b,RRR Biryanis,37.3865452,-122.0851059,0.022887386,Open
f5187e8d-0794-4260-a56f-57ca0d390cf0,Eureka,37.3938943,-122.0787637,0.02182934,Open
15670c31-8cf5-4dca-ae2d-e2f0946d2ffb,Morocco's Restaurant Mountain View,37.38652,-122.083275,0.020864885,Open
43b1a935-78ce-4878-8ffb-3381ba55048e,Katsu,37.3940364,-122.0797009,0.019874258,Open
527edd58-f33f-43a4-9a74-4cf8af53a756,Ludwigsmv,37.3913944,-122.0800825,0.019874258,Open
e779508d-2609-430f-9849-177a22d0fe74,Udon Mugizo,37.3941957,-122.0789321,0.019874258,Open
04ecea0f-1e0a-4420-8565-9f11d13e89f9,Yugen Ramen,37.3944267,-122.0787251,0.019874258,Open
2f5378c0-7029-461a-b8f7-b44b3f589da9,Das Bierhauz,37.394513,-122.0783505,0.019874258,Open
ddc662d2-5d43-47b2-b00d-3897350ed759,Kakaroto Japanese Restaurant,37.3921872,-122.0792369,0.019874258,Open
4c8f26e1-8cf5-4456-98dc-dcd25e42550b,Sushi Tomi,37.3918142,-122.0780175,0.019604135,Open
35891203-9a7e-4d53-bc0c-8ab544be3dd6,Masa Sushi Japan,37.388203,-122.0825883,0.019604135,Open
42d445fd-e8b5-4d6f-a012-3331d72ae4fb,Best Bay Locksmith,37.388126,-122.083061,0.019205706,Open
20bf582e-02e8-46ae-9d16-05d6b8ba3eca,Ristorante Don Giovanni,37.3933719,-122.0791216,0.01914232,Open
a3d4e5c0-1e69-4891-8eaa-225afe5f332a,Vaso Azzurro Ristorante,37.3949714,-122.0784061,0.01914232,Open
354d9031-d386-4a0c-bc81-f20fbc72cc45,Halal Street Xinjiang Cuisine - Mountain View,37.3943025,-122.0790198,0.01913885,Open
b941aa84-ce49-4b9a-b646-365932ed676f,Kirin Restaurant,37.3903361,-122.0808883,0.01913885,Open
7038373d-4ce0-4063-aba1-cbbaad6e7842,Cascal,37.3911921,-122.081017,0.018895535,Open
d25009a9-f710-4a47-a493-3e69bab6cdf5,Superhot Hot Pot & Korean BBQ,37.3933564,-122.0780897,0.017960912,Open
6b6351fa-ecb4-4a71-90c6-8a80beb32d78,Casa Lupe,37.3906401,-122.0807982,0.017888462,Open
5bb86e7d-7da9-4017-9ba9-32b711723e45,Agave Mexican Bistro,37.394008,-122.0791532,0.017888462,Open
5aacaaa4-83b6-42c7-be5f-b0455bf36904,Taqueria La Espuela,37.392891,-122.0803612,0.017888462,Open
55088198-e00d-4526-bbc1-9d3a26603c73,3 Kingdoms Hot Pot,37.3946834,-122.0786849,0.017535407,Open
355497ed-1cda-48c4-8a44-8fd9ccf46202,Le Boulanger,37.3880535,-122.0826579,0.016918093,Open
b31132e1-5509-441d-b224-b7cac9351299,Next Level Board Game Cafe,37.3943525,-122.0797937,0.016372373,Open
9c42ad6a-6855-425e-b2de-1b09f223c9ee,Dana Street Roasting Company,37.3923778,-122.0790782,0.016372373,Open
43616ba3-73b4-4fd7-8aff-e3da47e4488a,Red Rock Coffee,37.3936231,-122.0787512,0.016332934,Open
442bce10-30a6-443d-9f93-6ce3a7aef72b,1 Oz Coffee,37.3878428,-122.082853,0.016332934,Open
955d3620-faaf-4d43-853a-0cbcdf8220e3,Pho To Chau 999,37.3940198,-122.0796237,0.016241172,Open
c62b48a3-4b2f-4b3e-92aa-97f84c3ebd8a,Opal By Arena,37.3931146,-122.0790536,0.016144812,Open
3a2369a9-eed5-45b3-a86d-782fdca64a78,Somewhere Out West,37.390545,-122.080734,0.015228671,Open
59166cd6-c778-4ba0-bfd4-a6a09f11934b,Rishitree Marketing,37.3928680419922,-122.077171325684,0.014139919,Open
21723428-cd43-401d-b6ad-c50414f2b4d4,Alberto's Night Club,37.3924035,-122.0789211,0.014047166,Open
3242d800-cca3-4f89-bda4-f20665e34af4,PatPat,37.3881,-122.08305,0.014004146,Open
03598a93-b1cc-4633-9c6a-86d8a5ae5c62,Bank of America ATM,37.3905955,-122.0816276,0.013923622,Open
fc1f3f11-5b75-4cc0-9419-cc0e5eee0ed0,Teaspoon,37.3934799,-122.07956,0.013546134,Open
3c84efcd-0110-46aa-8d91-d2a03f67741c,Mountain View - 501 Castro St.,37.38976,-122.08113,0.012904136,Open
bbbfdf02-a52f-4e38-a4ce-fd8931333f65,Cafe 86,37.3935955,-122.0782606,0.012678021,Open
65c37f55-d9f2-4ff8-a52c-c2d3bf40304c,Optical Center | Kaiser Permanente Mountain View Medical Offices,37.3891783,-122.081037,0.012567765,Open
34efa1a3-45c6-45fb-9320-4f9237ecb0fe,Mountain View Funeral and Cremation Service - The Casket Store,37.386932,-122.083229,0.012567765,Open
773ad355-0045-4abd-b5b4-8727728c65e0,Frank Conrad's Music Instruction,37.393,-122.079,0.012567765,Open
a8414aac-337c-4006-b18f-d11f547fa89c,Car Hire Mountain View/Deliveries | SIXT rent a car,37.38666915893555,-122.08416748046875,0.011964881,Open
c439ad30-6bb6-4e64-9d43-bfa4e72cc320,Monte Carlo Restaurant and Bar,37.3935235,-122.0794009,0.011775057,Open
68b7f848-a66a-4e3e-aca4-c7e73920f6f1,Farmers Insurance - Robert Chang,37.3930945,-122.0794034,0.011645033,Open
721ab3ac-44c1-411e-8b21-cb963255ba5e,Aesthetic Skin Care Center,37.394106534398226,-122.079536318779,0.010918711,Open
d9977f06-f295-4360-9002-abebf7f1daa7,Luxuray Skincare,37.392057,-122.078452,0.010918711,Open
854500c8-7c4e-4002-b7f5-acfec9549938,Resume Target Palo Alto,37.386619567871094,-122.08419036865234,0.010141946,Open
e9aab930-a699-47bd-b66d-a52f56e4fd79,Peet's Coffee,37.3909671,-122.0811051,0.010124346,Open
ce2693e5-e62e-44dc-90d3-5bcbe05799b7,Starbucks,37.3875335,-122.0830067,0.010124346,Open
f42d5438-f8c6-496a-83f1-3266d82e9e72,Chiropractic Performance Center,37.39216,-122.07848,0.009508935,Open
1deb9aaa-8edc-47ef-8772-1f129118876f,Airport Taxi Cab Services SFO SJC OAK,37.392994,-122.07769,0.009235412,Open
0113568f-e97c-46f6-b487-08f5eedfb186,CYCLEBAR,37.39074610000001,-122.0817109,0.009235412,Open
40d35589-651a-4d70-b135-fa833f921a8c,Kween's,37.3928252,-122.0798736,0.008981447,Open
8bd816ad-8848-451d-bd53-2ab0fc4fc287,Beaver Group Agency,37.3878753,-122.0826137,0.008823782,Open
fcd4a44a-70f3-40f4-9898-14b298ec86f1,Alcorn Immigration Law,37.3865645,-122.0841761,0.008823782,Open
2a319a7e-7839-4bdc-865f-960f36e21dcf,Angel Garage Door Repair Mountain View,37.3931617736816,-122.081439971924,0.008823782,Open
03b71ac6-831e-417b-9e63-fdef01553fb5,Birri,37.3929824829102,-122.077697753906,0.008823782,Open
a22937df-ced5-47ba-a5bf-899298a4000a,Beaver Insurance Services,37.388042,-122.083041,0.008823782,Open
44e2369f-8cd2-4540-add3-0c987f26491a,Noche De Fiesta,37.3934396,-122.0789709,0.008730896,Open
88ecf6a3-ac71-40fd-afa7-2c2509fbff6b,Mountain View,37.390848,-122.081017,0.008631675,Open
c3fce88c-d954-4b00-a7bb-b662d35898f8,"Starbucks, 177 W El Camino Real, Mountain View, Ca",37.38658,-122.08605,0.007720042,Open
268d4029-0c5e-4c45-80b0-1d9b2d218e8b,GSDSolutions,37.388039,-122.083031,0.0076821647,Open
a590500e-a20b-466d-96c3-ca5474e30e88,Happy Lemon,37.3936893,-122.0783779,0.0074139335,Open
fe3592ad-3ca7-4d3d-b99f-b3b3e6d9f5b2,SF City Limo,37.392868000000014,-122.07785764550782,0.0072240178,Open
ad825ece-0b6f-46b2-8816-29c3f0fd6793,Infer,37.390647888183594,-122.08164978027344,0.0070009106,Open
a8ec5889-3b1f-4739-9f51-ad29c08284ce,UPS Access Point location,37.391576,-122.081148,0.0069125923,Open
88ef4f0f-fcd4-4feb-8826-13bf69ab4612,Terra Outdoor Living,37.387372,-122.0864877,0.0069125923,Open
3ce9fd1a-961f-47ee-9d0c-d565a1ebf924,The Spangler Family of Mortuaries,37.3870506286621,-122.082710266113,0.0069125923,Open
0dd673d4-35ca-4ca0-b087-e05549d8af3c,Essence Salon,37.39284109,-122.08008157,0.0069125923,Open
7d11cf3d-c770-4b82-bbfb-849ce3957e5d,United States Postal Service,37.3930201663657,-122.07775720957216,0.006728022,Open
9c106d38-5a43-44c9-863f-dda2dd58ab9f,Hong Kong Bakery,37.39381,-122.0792032,0.0064185746,Open
14d75cd6-1f17-4b9a-90b3-0484918add25,Barnes & Noble,37.3922279,-122.0797416,0.0061884047,Open
186ee2db-7bfa-4295-9c05-856f79d7c35d,Customer Rush Marketing,37.3866949,-122.0842437,0.0061699804,Open
1c31606c-172d-4504-a970-709c1f1eb1ff,Bank of America Financial Center & Walk-Up ATM | Mountain View Main,37.390772429,-122.081323699,0.0060526174,Open
f64d6e0f-72e7-4d69-994d-8a16c31f2286,Johnny & Sanny's,37.39494,-122.07864,0.005887933,Open
0f670e5a-b0af-4891-8d2d-dfeff58e67b6,Bonchon,37.3931395,-122.079505,0.0056939977,Open
c8ff339c-add7-474d-bdbe-acc73d1c0853,Credit Sesame,37.390591,-122.0813061,0.005673622,Open
d8632c9a-5ac6-4c2b-b44b-c90715509085,Bt Properties-Management & Investment Services,37.3865165710449,-122.084121704102,0.0056549325,Open
f208a3c1-3493-4137-bb9f-e16a89f08fc9,Tea Era,37.3929324,-122.0793263,0.0054191453,Open
e59595d6-83f9-4aa6-b4bf-4a0e7f4c1900,Teaspoon Mountain View,37.394627,-122.0786555,0.0051623383,Open
734aab65-b2ba-47ae-97ef-b3bdbfdff99f,599 Castro,37.3885297,-122.0810031,0.004950945,Open
91cb37cf-c014-4e56-bf02-b076b322846f,Katy Blus,37.3931063,-122.0797626,0.004950945,Open
c594ef32-142d-4067-b0af-9929bd523390,Dynatrace LLC,37.3910333,-122.0806009,0.004900932,Open
60d42f7c-a054-409b-adcc-478dbb8ef851,Alexander's Patisserie,37.3935829,-122.0789518,0.004847935,Open
60c7b5ef-e65a-4159-8616-b7fa476081bc,Maison Alyzee,37.3937184,-122.0793248,0.004847935,Open
5e4988ae-7a48-429d-a229-c24872e2bcc0,Chris Crego - Atria Real Estate,37.38653,-122.08409,0.0045838486,Open
a1ae16e9-7397-4d19-90b5-3021a306795c,TheaterEars,37.3865318,-122.0840836,0.0045222775,Open
0b82e9d3-bdbb-4a60-94df-8e9c41089c5d,Ume Tea,37.3936148,-122.0793392,0.0044874963,Open
511add25-0ea7-4d2d-8ccb-5611a95b0aae,Mifen101,37.3939078,-122.0795479,0.004450289,Open
2841ea27-e2ed-430d-a2ac-75d1e20292f2,"East West Bookshop, Mountain View",37.3922393,-122.0801234,0.00443378,Open
80b970fd-9f10-4a96-a886-3dcd7a3fe5fe,Molly Magees,37.3932767,-122.0791417,0.00443378,Open
e5aecd65-0fd4-4505-8fe5-a9dd1dd40f0d,Books Inc.,37.3922211,-122.0797496,0.00443378,Open
62594437-e634-4c6a-ba06-3a08d2ba7d84,St. Stephen's Green,37.3935071,-122.0790223,0.00443378,Open
ad5a813d-7799-4576-9852-53d09649984d,Genesis of Mountain View,37.3935,-122.0791,0.0043891743,Open
517c2308-01ca-47f9-9cc1-5d78d13ad696,Vantage Local,37.3946495056152,-122.085571289063,0.0041758385,Open
04b3abfd-5c71-4821-83e3-d4e20667e315,Fu Lam Mum,37.3943416,-122.078549,0.004083056,Open
7287a916-a498-4462-8fa1-e5f2fc2e3b3e,Yi Fang Taiwan Fruit Tea,37.3944854,-122.0783869,0.00405361,Open
5a968a08-85bc-4892-82f6-828ae08dcf48,Neeradave Realtor,37.3931,-122.07976,0.004001061,Open
69b75a72-5cc0-4d82-aa42-fd6bcf11812f,山景城站,37.3944,-122.076,0.0038824363,Open
213d4530-0375-4f16-b553-165b091ac2e6,Center For Music and Arts Education,37.392475,-122.077192,0.0038380234,Open
60e43516-73f8-4492-8b97-a858c1c70692,Elevate Group,37.3866981,-122.0842801,0.0038222298,Open
7eba6519-49b7-4087-8687-d823764eac98,Accenture,37.3878753,-122.0826137,0.003799105,Open
e8905f9e-369b-4698-8f31-a35a040dfb6e,Trans Cosmos USA,37.39065,-122.08165,0.0037464278,Open
565ea426-59a3-475c-bc8c-78a7923dd47e,Fleur De Lis Florist,37.3868266,-122.0831467,0.0037305842,Open
3ea0e1ee-373f-4782-ad61-9f47b1507bb5,Beer Garage AB InBev,37.3866554,-122.0842396,0.00368848,Open
294a60ba-6e7e-4ac4-a3b9-d117e3ebd117,Picturelab,37.388157,-122.082933,0.0036212297,Open
4013b1e2-0a90-4458-b754-93119f44ad6e,Giovanna's Fine Jewelry,37.3879845,-122.0824604,0.0035563563,Open
0e2ee79e-94ec-47b6-86cb-236ff8bede6a,Charter Bus Mountain View,37.3879,-122.08244,0.0035290497,Open
3332e1fc-1399-4a42-afff-eb10fd3fd9f3,Sweetgreen,37.3908272,-122.080983,0.0035253344,Open
569f663f-712b-42b5-bcd1-94bfc6deb111,Mountain View - 501 Castro Street,37.38976,-122.08113,0.0035247882,Open
ceb3b396-e1c9-47ce-9e08-4d88b39f9089,CVS,37.39186,-122.08138,0.0035247882,Open
715db578-fc04-47be-aced-a1ab64d5e3d8,ATM,37.38976,-122.08113,0.0035247882,Open
d2fa3208-86b8-437a-ac95-9f2558fe379c,Asian Box,37.3945805,-122.0786405,0.0034248207,Open
4acd5809-00b7-4404-a06e-5e06df912899,Masonic Lodge,37.389371,-122.084247,0.0033934242,Open
7f9a46e7-f963-4436-9746-7032ef7780ce,Mountain View De Anza Masonic Lodge,37.3893403,-122.0841989,0.0033761726,Open
8a3f03eb-a3b3-4437-a80b-b9eed52502fd,Trucking Companies Hiring,37.3867,-122.0842457,0.0033565145,Open
cf82bc0e-ebfb-4ab8-b4cb-2434ebac48d3,Gelato Classico Italian Ice Cream,37.3932399,-122.0791511,0.0033257075,Open
ec7556b7-8a5c-4a1e-abf1-1567e80f4f45,Oren's Hummus Shop Mountain View,37.3947058,-122.0785606,0.003323432,Open
803a6262-2316-43fb-a277-4469b8757b13,Hotel El Arroyo,37.38973,-122.0797,0.0032877172,Open
65956040-f4cb-46cb-8fa9-a2edca4295fc,Global Beads Inc,37.391785,-122.079802,0.0032685832,Open
5e07403c-465d-4442-b429-289762f49406,New Vine Community Church,37.3940668,-122.0847589,0.0032169092,Open
43bc3781-02c8-4d78-b494-709268a78025,Bay Area Tamil Catholic Community - BATCC,37.3883747,-122.0814129,0.0032169092,Open
4b788527-cb1d-4a1b-b4db-b7894ad624b3,Sugar Spa,37.3936607,-122.0784659,0.0031897135,Open
5ce9a5bb-2892-4081-856f-7282c713327c,Air National Guard Recruiting - 129th Rescue Wing,37.3907571,-122.0787391,0.0031897135,Open
e9c2599d-932a-418e-b823-f823e9babee8,La Monique's Nail Salon,37.3880599,-122.0827931,0.0031619635,Open
55cfd1e7-70aa-467b-a454-75d34aedd377,Power Rise: PE Investment in China and US,37.386665,-122.084171,0.0031454081,Open
ddad54db-4042-4c1d-8214-7ba13620de7d,Blue Otter Corporation,37.3944528,-122.0785639,0.0031157178,Open
12e18bcc-e488-42f5-9f60-f64b2d648921,H&H Fresh Fish Co.,37.391523,-122.0816056,0.0031077035,Open
b63a4a59-662f-46dd-9ab9-1bbba58fb0ab,The Dave Keefe Real Estate Team,37.3930349,-122.079632,0.0030882282,Open
abd00591-b57d-4e80-b1bb-5e2f741c91e8,Boutique 4,37.3928309,-122.0794198,0.003087886,Open
6c57a78b-0316-42ad-b31e-5b24c24c4746,Perfect salon,37.393819,-122.078555,0.0030530903,Open
813fe177-9695-489e-9fac-39033f0d5bc5,GMCstream,37.3880144,-122.0831404,0.0030269383,Open
fa539acd-0627-41ed-80c3-a5abc62e6848,Clover,37.387612,-122.082471,0.0030269383,Open
c6375fcb-4801-4318-84bd-6f7e7cfa2600,Vitality Bowls,37.3879098,-122.0828912,0.00302182,Open
0f99d5a7-dfb9-4ba3-9816-e8af3c247f99,Resume Target San Francisco,37.3866928,-122.0842553,0.00302182,Open
b6e28614-cf02-425d-956c-340041dc4007,DZ Eyelash Extensions Salon Mountain View,37.39162,-122.07978,0.0029005986,Open
7cd2427a-13f8-49a3-8b06-e7e1c78ae162,Pacific Euro Hotel of Mt View,37.3947025,-122.0795074,0.0028260641,Open
54ce3ce8-fae7-43ab-bcf6-3ad826ea3fb2,Smith + Palestro,37.3915821,-122.0777629,0.0028126945,Open
61bbc4d1-af2d-42db-a65a-bf53b9a27812,Mountain View Fire Department Station No 1,37.3945578,-122.0836064,0.0028089655,Open
6c7c70d9-ce81-4724-87e6-167f2f69b850,City of Mountain View - Fire Department,37.3950626,-122.0814305,0.0028089655,Open
76c14c04-6e9c-424d-b692-bf488c240c17,LibertyX Bitcoin ATM,37.3920733,-122.0810741,0.0027906,Open
83387839-8275-458b-9c05-935b1d14f592,MKF,37.38654,-122.0841,0.0027629435,Open
2d3266dd-318e-4701-8c56-22cc8b046a15,IOOF Independent Order of Odd Fellows Lodge 244,37.3938622,-122.0792684,0.00274714,Open
6f05e351-fb5e-4b42-8f26-4c8bd4e793c5,IDog Pet Store,37.392828,-122.079873,0.0027060516,Open
ca4f3d63-2ba2-4f51-b328-53cfdbc17649,Therapy Stores,37.3931631,-122.0794882,0.002667316,Open
19356408-2ed1-4623-a0c7-115c6c476374,RETTEX,37.387897,-122.0824519,0.002633314,Open
df3c9810-d594-4f61-bc3f-a910c65ab47b,Silicon Valley Heights,37.3867166,-122.0842798,0.002633314,Open
8004442f-4024-4432-a671-e302266380f7,Icicles,37.3927463,-122.0797275,0.0026283306,Open
3d5347a7-8796-4454-bc22-3788735f5ec4,E and W Natural Way,37.3924581,-122.0793119,0.0026243674,Open
071c6aa8-6f0b-4be1-99ae-5d9af475e87e,Vee Cosmetics,37.3916962,-122.0805132,0.0025768627,Open
a12cf09d-7942-44ac-83c6-5e4ec35288f9,EAGLE Priority Insurance Agency,37.38653,-122.08409,0.0025675786,Open
2d500dea-52a9-4ef1-8cd6-74d14f19ea0f,Hathorn Insurance Agency,37.3865435,-122.0843109,0.0025675786,Open
fc24db2f-8f35-4a1b-bc06-1f33431d952e,Forever Protected,37.3881,-122.08305,0.0025675786,Open
e09703ca-7cf5-4eb2-bab7-e804e987a88b,Sitare Foundation,37.3945551,-122.0798559,0.002542644,Open
a7133fa1-3883-4477-9439-443e2c3fac19,Cecil Hotel by Pearl-Continental,37.3896357,-122.0817378,0.00253392,Open
3e2f8cf7-3557-451f-8af4-8f7942144cfc,Mountain View Transit Center,37.3946126,-122.0771024,0.0025032072,Open
c1d242fe-84a4-4da5-b1b4-19c88fb579c6,Francis Roofing,37.3929213,-122.0789666,0.0024314714,Open
cefeb32e-af6f-475b-b5fd-e5b28caf17e0,Mountain View Farmers' Market,37.3910413,-122.0822339,0.002418071,Open
3ac48a39-e88d-4c89-90bc-1b93f04f76e1,Prime Dental,37.3867955,-122.0864557,0.0024031673,Open
70905e72-8e5c-48a9-a537-c39fe4d2fe9f,Silicon Valley Irish Fleadh,37.39329,-122.07813,0.0024025377,Open
577206a4-2405-40f7-8270-b9c932fbbf4e,Easy Foods Company,37.3926433,-122.0795947,0.0023781531,Open
0cd25c0d-4312-4534-ac25-25d2594a9c82,Paolo Mejia Fine Art and Design,37.3930876,-122.0791346,0.0023749594,Open
b940f7f9-0873-4f48-a0f8-a6a76c6a7797,Transvideo Studios,37.3865607,-122.0841777,0.002368438,Open
5ca5887c-38d6-447b-96ad-fc09418b73ef,ByeDusty,37.3894122,-122.0790946,0.002368438,Open
4370c15a-0c7f-4d18-86ae-0f828ce9bd35,Melody Spa,37.3915881,-122.0777654,0.0023570086,Open
cfaf3e69-eb81-496b-93c8-02e09b3ab312,Depot garage,37.394379,-122.077873,0.0023510295,Open
c63f1bf8-5fe7-4d56-ac2b-bfa51a964d89,CVS Pharmacy,37.3920287,-122.0812179,0.0023433631,Open
794b5f16-3b72-4de0-9dc4-adba215def37,Mountain View Post Office,37.3931009,-122.0777784,0.0023142705,Open
abc56bec-a37c-4e40-9f6b-d905d34779b8,Bank of America Financial Center,37.390772429,-122.081323699,0.0023054082,Open
e74ff7dc-3629-4882-97e6-68379888e464,Wink Med Spa,37.3941331,-122.0795028,0.0023029372,Open
c2d089ee-4eeb-450d-9f11-29c18f7bac92,Study.com,37.39351,-122.07678,0.0023029372,Open
2cc1529c-9e2f-4243-93fe-8d44bdffd5ee,Mountain View City Clerk,37.389581,-122.0819208,0.0023029372,Open
80446b11-f232-4617-a8fc-317f12d71873,Travelzoo Com Sales,37.386535,-122.084017,0.0023029372,Open
0aec61d3-3123-4cce-9917-b8dccc7bcc29,Mountain View Community Development,37.389368,-122.0820427,0.0023029372,Open
ba7be231-538f-4fed-9ba6-6967612593cf,City of Mountain View,37.389445,-122.0821958,0.0023029372,Open
c90e9c94-24d7-492e-94ca-d4e2355c10cc,Park Place Apartments,37.3890754,-122.0844201,0.0023029372,Open
4d92547b-c1a4-4fa8-b89d-04827aeeba7f,Bonnie Li Accounting and Tax Service,37.3866406,-122.0842956,0.0023029372,Open
9012cc54-edf8-41bc-98dc-f9a8a499a44a,Quora,37.3881176,-122.0825905,0.002236617,Open
b01e58db-06a3-45f6-b775-e667f64bf1fe,LogicHub,37.3867152,-122.0842714,0.0022203086,Open
65e924bb-220c-4558-94d7-41390b9103bd,Illumi Salon,37.3878989,-122.0824539,0.002152362,Open
fd7806e3-2288-4591-995b-eb2330e95cc4,Orbit & Rust,37.3939476,-122.0795153,0.002152362,Open
a6f7eaad-272e-41d9-9fd4-9c3b0cc0eb52,Salon Finesse,37.3935514,-122.078153,0.002152362,Open
48b4786e-139d-4b18-8c12-d3f3d41bbe1b,Essence Salon,37.3927977,-122.080109,0.002152362,Open
53b88eab-14f1-4e3c-ae63-476a406dff82,Church in Mountain View,37.3867063,-122.0853281,0.0021416713,Open
77ddc917-c3a6-4310-8803-98f098401532,Chamber of Commerce Mountain View,37.3891525268555,-122.083038330078,0.0021336733,Open
f916065a-9b4f-4491-894a-927a906ab964,Trends Personalized 3D,37.3881,-122.08305,0.0021031117,Open
ed0274b5-71d5-4338-9247-2a8ee8c0d499,Picture Chest Photography,37.3878549,-122.0828579,0.0021031117,Open
17413fc1-7da4-464b-a2e5-9914a4385baf,Alliance Practice Management,37.3879749,-122.0830387,0.0021031117,Open
6dafd130-8688-4809-a549-3216472987e1,Budget Motel,37.3873199,-122.0862549,0.002085457,Open
a3ad6084-f86d-458e-b861-3f3f7b8873b4,Jimenezbarber,37.39294,-122.08019,0.0020755373,Open
b1ebf506-5a2f-4583-860c-4dce4437a514,MichRoFit,37.38973,-122.07864,0.0020343338,Open
36fc75a6-5fe8-4716-b916-b32ee468591d,Fibbar Magees Irish Pub,37.393464,-122.079046,0.0020175579,Open
b0c43484-a071-4b76-881a-4980ebb5a53b,WellnessNr5 Day Spa,37.3935,-122.0831,0.0020173285,Open
0c77e494-a347-4862-969b-640d621bf242,Happy Feet Foot Spa,37.3941686,-122.0796638,0.002006732,Open
ac966c8e-655e-47a2-ba49-ffa34ec70d12,Rabbit Groomers Inc,37.3866578,-122.0842293,0.0019954864,Open
e163cca0-53d6-47c0-996b-c21a2e6a622e,Limon,37.3916188,-122.0806875,0.0019574212,Open
54af7ceb-8667-4818-99db-7350c6cc0a62,Hair by Heinz,37.3917012,-122.0777055,0.0019550724,Open
0e775ca6-bbdc-47f6-a1a6-d53342a57cac,Imagine Hair Salon,37.3940001,-122.0796747,0.0019550724,Open
a1396d9f-5a1d-4370-8520-15590b13eb4e,Arctic Grey,37.3866749,-122.0842693,0.0019455438,Open
3cc3351f-68fa-4944-a7d9-cb5038f127fb,Teleki Design,37.3930702,-122.0795362,0.0019455438,Open
3720fe23-8628-42f7-9c13-64a930e86da0,Cyclocross Magazine,37.3880472,-122.0831342,0.0019455438,Open
0f67a663-a0a3-4f89-a5ef-4ee06f52a749,Centennial Plaza ATM,37.394844,-122.077538,0.001910877,Open
66d87def-f0f9-41eb-9c18-5f858f574622,Storidge,37.3880319,-122.0830856,0.0019001531,Open
015c8dc0-780d-4bbd-a129-eec9a7dceb15,Eploy 247,37.3866946,-122.0842522,0.001868979,Open
e4ace41d-3fad-4737-ab41-f0a77873f2cc,Mountain View Center for the Performing Arts,37.3900159,-122.0826977,0.0018607016,Open
c9bdf500-6872-4d40-b23f-8a1c52c9cc82,Silicon Valley Home Builders,37.3915655,-122.0805656,0.0018607016,Open
ea5c4f93-0219-4264-b2f2-8c096080ae2a,Washmix,37.3883506,-122.0829327,0.0018537714,Open
35928a85-18e8-4bb8-8c36-e9c8dd89c2d6,Element Home Remodeling,37.3866366,-122.0842348,0.0018408571,Open
73d82e35-5071-49d6-87aa-a6ab929aedf6,Servpro Of Mountain view/Los Altos,37.3881,-122.08305,0.0018408571,Open
7523aae8-deb6-4cf3-8012-6c7df313648c,SMB Services,37.3916702,-122.0805294,0.0018347821,Open
c7327338-9375-43f6-a67f-8514d1579686,William Maston Architect and Associates,37.3917322,-122.0804446,0.0018347821,Open
ebc870ba-b8b4-40e3-9948-a8a1470f0cde,Dandies Barbershop and Beard Stylist,37.3915334,-122.0795258,0.0018347821,Open
f723ee77-3388-4f1a-95a7-9013bea8fd14,Downtown Mountain View,37.3905159,-122.0802959,0.0018347821,Open
726e4b5c-e9e5-4fe6-917e-043482505975,Wellness Spa,37.3925721,-122.0786667,0.0018347821,Open
725622ce-ab13-4716-8b31-7bd726772277,Cohome,37.3902197,-122.0777283,0.0018347821,Open
cc697308-c10c-4855-b042-b42ec227e145,NorthStar Survey,37.3931552,-122.0775987,0.0018347821,Open
9434be77-d2fa-4309-888b-50fa5aac6fd4,Megagon Labs,37.390549,-122.0815075,0.0018347821,Open
e80646be-5e73-4f63-b442-e50fb24a4b5b,Thread Theory Professional Tailoring,37.39164,-122.07793,0.0018347821,Open
87fd6da8-067a-4849-9eba-0e5cdac98bf4,Ethereal Glow Aesthetics,37.38672,-122.08506,0.0018347821,Open
6bd4836c-cdab-4add-b156-718979b6a3f6,Picturelab,37.3866988,-122.0842855,0.0018347821,Open
c85f47e1-9c17-4c3f-935a-8922173df587,Online Jewelry جواهرات آنلاین,37.39306,-122.07794,0.0018347821,Open
84e8b406-ed5f-4973-82ec-64ff48e4b5eb,Triada Real Estate Group,37.3878933,-122.0824514,0.0018347821,Open
583dfb84-0358-4ef9-8d7a-4e5d2d66401c,Skycorp Incorporated,37.394939,-122.085002,0.0018347821,Open
ef897fc6-d2d2-4cc0-b8a1-8fc6ba8f2d01,Premier Airport Shuttle,37.38653,-122.08408,0.0018347821,Open
1b8ad455-e586-4cb0-bc46-59835db757c3,Zicasso,37.3880091,-122.0831394,0.0017840135,Open
604140be-49b6-43ae-b693-7118d5b63eb2,Vibrantcultural.com,37.39111,-122.08091,0.0017840135,Open
5ff6a320-5675-448d-8674-b95441485cd1,Windows and Beyond,37.3915831,-122.0777657,0.0017840135,Open
7e8e3f4d-8227-4da0-9c70-9e408d2c4a6b,All Green Electronics Recycling,37.3866928,-122.084255,0.0017840135,Open
560b11a4-b8c4-42b0-b6a0-59a79ae54f90,Dental Fabulous,37.3911813,-122.0798173,0.0017840135,Open
f1455ba0-569b-4fc1-bd06-803a3dd30e43,Saint Joseph Catholic Church,37.3880331,-122.0813178,0.0017840135,Open
72962e07-6f71-4ad3-b1ff-115cc20ae685,TNL Car Title Loans Mountain View,37.392142,-122.078024,0.0017840135,Open
df98f24c-1355-444c-ad8f-f616f0d6126c,Mountain View Los Altos,37.393013,-122.077651,0.0017840135,Open
33efdf6c-1999-414e-acf1-f8b7a9844897,Career Board Network,37.3930554,-122.0776531,0.0017840135,Open
4873f145-35fc-425c-a6dc-833a5d86f6e0,Evodyne Robotics Academy,37.3865356,-122.0833178,0.0017840135,Open
7adee172-ed7d-4206-8cd0-43250314006f,M•Designs Architects,37.3916784,-122.0805203,0.0017840135,Open
fde60de3-ce5a-4d27-8e6d-dce1e75fc41a,TheatreWorks Silicon Valley,37.3899909,-122.0819028,0.0017840135,Open
2c8560a8-10ae-4d96-9c66-ef7b0b7c70a5,Altos Research,37.3924257,-122.0785401,0.0017840135,Open
dfe2512f-444b-436a-98bb-a6f2bc0aa777,The Fireplace Element,37.3918374,-122.0799779,0.0017840135,Open
1b67ba1b-6bd9-4929-8c8f-2051ee0f9c09,Fraternal Order of Eagles,37.3940572,-122.0786952,0.0017840135,Open
bc377476-8a61-41de-afa0-44e363179250,Mountain View City Personnel,37.389489,-122.082178,0.0017840135,Open
5f97e971-c8c2-4f96-86fe-6c0365050edc,Ava's Downtown Market & Deli,37.3921429,-122.0803283,0.0017840135,Open
995a2a5e-9a22-493e-aed7-ef26290cf681,Addepar,37.39264,-122.08073,0.0017840135,Open
286c2a62-13b8-4dff-8b12-38f23c346d53,Suzy Barber,37.3869205,-122.0866067,0.0017840135,Open
3d74c8d3-119b-4248-92a5-300f21b27eda,Franklin Street Family Apartments,37.3954111,-122.0805003,0.0017840135,Open
cda4e0d8-143d-414f-b0a9-a157a7d8d7c0,Mountain View Civic Center,37.3881,-122.08305,0.0017840135,Open
3029f7fb-8f65-43f0-a6b1-efa9cb3ba3d2,The Sobrato Organization,37.3887644,-122.0819136,0.0017840135,Open
392a7538-fff9-4555-9a0b-1f2d50e27ab0,Mountain View Academy,37.3939688,-122.084667,0.0017840135,Open
8bdc6eac-958c-43c7-8809-60461e046088,Chop Chop Landscaping,37.3866676,-122.0841123,0.0017840135,Open
fb0181be-5181-45f4-9ef9-e3e5ae522756,Eyebrow Threading Mountain View,37.3916768,-122.0799177,0.0017840135,Open
01d77959-5bb2-4456-8818-4d6549f66499,Peplink,37.38653,-122.08409,0.0017840135,Open
cd984995-fa1f-4567-92dd-a2ae3b2d994d,Dr. Munn,37.38651,-122.084123,0.0017732066,Open
ee89da41-4125-400e-993c-a9c42348ed22,Kids Haircuts Mountain View - Kids-friendly hair salon for children,37.3917385,-122.0800926,0.0017622747,Open
87fc23a5-93f4-4fcb-9700-2d253e3d94e1,JulieQ's Hair Salon,37.3930996,-122.0815537,0.0017622747,Open
a9eec431-23f0-4423-8857-6c593a70a6f0,ATM CVS,37.3918571472168,-122.08137512207031,0.0017526003,Open
1fc6aa23-8174-4ddc-9b9a-976da64c2a7d,Foghorn Consulting,37.393042,-122.0796235,0.001721935,Open
d2d2e5a2-df29-4b5b-8e6f-7b5a84fbd5f9,Fire Works Ceramics,37.3898266,-122.0799601,0.0017166522,Open
3589c0f0-7230-44b0-8a2c-67d3d83662f3,Belontex,37.38653,-122.08409,0.0017152824,Open
c4e8bae9-0fa1-4e5c-b0f0-8cfccb67f2af,Dealpoint USA,37.38653,-122.08409,0.0016970687,Open
d4b5cf2b-dc94-45c0-9fa8-4dd29fa0bd5e,Mountain View Public Safety Foundation,37.388043,-122.0831393,0.0016923936,Open
80e601c6-f076-4b3c-8cc5-3c2da20e61d2,Candace Kuo Optometry,37.391571,-122.0801106,0.0016796138,Open
d71993dd-9fe5-4f27-adda-a0985f77c101,Wang Benjamin DDS,37.3935356,-122.0774958,0.0016717447,Open
c4940953-0cdd-4080-b447-ac60f1a3c8ed,Mountain View VTA Light Rail Station,37.395016,-122.076975,0.0016485065,Open
4c4df2b0-e617-454c-919f-c55a413e8d74,Pioneer Memorial Park,37.3895899,-122.083339,0.0016142366,Open
4f818059-fa2e-4cdb-99b1-189d981a8c9f,Sabohc,37.3867087,-122.0842707,0.0016142366,Open
48cf594d-001d-4504-a0b1-83c506f991a5,Vpaul Salon,37.3875506,-122.0824764,0.0016043864,Open
aca30480-d78b-4a14-acef-a8636ff7fd33,Final Expense Insurance,37.3881,-122.08305,0.0015995884,Open
4bd83a04-629f-4456-bebe-71f90774bdac,City Dolls Color & Hair Design,37.3939239,-122.0793761,0.0015863533,Open
55b4d7c5-67d3-471b-b827-68937cebee7c,Dr. Lucy Osgood,37.392261,-122.078325,0.0015836594,Open
502d22b1-9c26-40ef-8e96-e132983753dd,Lee's Auto Center,37.392085,-122.079112,0.0015811628,Open
8ab35ddd-6895-4cc1-9a52-ae41f077ba45,Shred Nations,37.3877981,-122.0828501,0.0015755646,Open
dc63b414-3b31-40be-b43a-1387b1775aa3,Warm Day Spa,37.3922192,-122.0782763,0.0015665814,Open
52ee191c-ea84-4132-b9e8-61a09e63f46e,Mercer Advisors,37.3865052,-122.084321,0.0015603267,Open
7004bd15-ad8f-4d8d-a755-143ff64987be,Pokeworks,37.3935445,-122.079008,0.0015603267,Open
944b92ca-5bc9-4f3a-b7b3-ea6c51c33667,Poke Bar,37.3920437,-122.0802425,0.0015603267,Open
7fe382b6-39fe-4873-bb7d-d4ee35614dbf,The Crepevine,37.3924913,-122.0799251,0.0015603267,Open
cb155d16-4377-43df-8b04-2c5ecf589c5b,Cloudmeter,37.392708,-122.079853,0.0015528575,Open
7f03e28d-d3ca-4ab1-89b5-92e834c76072,Forgeahead Solutions,37.38653,-122.08408,0.0015528575,Open
041c064e-7c96-4c01-bf1a-757cc70e94c0,McCain Lina M DVM,37.3928597,-122.0824919,0.0015520976,Open
f5afe4e7-d62f-453f-89a6-251aa8b1350e,Trinity United Methodist Church,37.389824,-122.0803242,0.00155174,Open
1cca9428-d775-4af7-9da0-312e6cfbeb15,Hope's Corner,37.3897709,-122.0803825,0.0015442881,Open
e70a0233-444a-4ff3-b260-f3feabb6a850,John Maxwell,37.3865318,-122.0840836,0.0015309185,Open
9ace627f-cc26-4c64-9147-d61a418d8f22,MOUNTAIN VIEW,37.393063,-122.077706,0.0015283354,Open
ef1faa92-6273-4d33-9293-1c28994d7a70,Leadership Mountain View,37.3892254,-122.0828151,0.0015226129,Open
a4bf93d0-164d-4920-97b0-c32a66b1a452,Mandy Andrei,37.386905,-122.086476,0.001516766,Open
0a75c0ae-a369-4e90-8e9a-7b812345a107,Silicon Valley Custom Homes,37.3935891,-122.077448,0.0015071407,Open
63657d74-d19e-4d7b-bda7-1cc5ec4a84e5,NuuEDScore,37.3879187,-122.0828734,0.0014880834,Open
bbd646ff-84b1-4ca3-b1a9-feb4bf6140e1,Action Properties Sales & Management,37.3929313,-122.0796021,0.0014836864,Open
42e11d36-cd19-4b1a-8f61-3936f5e71f60,The Alley,37.3929482,-122.0790863,0.0014836864,Open
466ce6c8-9156-445a-a1da-6137f1f93324,Tanis Communications,37.3866635,-122.0842639,0.0014618426,Open
8fc93991-18b0-4f0a-8fe6-8e6f54fc3503,Christian Counseling Center,37.3897981,-122.0804127,0.0014517363,Open
40ba3996-d98a-4298-b550-6418e9cb42d1,Dana Park,37.3944154,-122.0833438,0.0014305932,Open
690dad9d-fa34-47bb-8e4b-7e47c810b42c,Well Health Acupuncture,37.392932,-122.0802076,0.0014172285,Open
a56d2dad-8e97-4cb8-93b7-f49d11c77bdd,Mountain View Candle Company,37.3946079,-122.0855479,0.0014120397,Open
2dfb06bf-152a-42e2-91b7-6df9c8179c59,Abundant Life Christian Fllwsp,37.394489,-122.080166,0.0013931241,Open
a5c452a8-820c-4287-af40-f79133b6cf2c,Mountain View Movers,37.3881,-122.08305,0.0013684618,Open
aa8758dd-1f19-48ba-af09-fea5ad84cde9,Hippo Insurance,37.3901578,-122.0811939,0.0013673017,Open
64660582-b175-490a-9d96-6ac23b32cc90,Institute of Voice,37.3925757,-122.0786603,0.0013623993,Open
bc7da3df-5233-4584-99e4-b6eee6d49210,Front Porch Mountain View,37.3898474,-122.0804353,0.0013559316,Open
1ffc2a30-a113-49e8-bd13-e7975fc3eb54,Eagle Park Pool,37.3893719,-122.0857691,0.0013558231,Open
35d79b87-29a2-468d-95d3-3e29b3298077,Beacon Wealth Advisory,37.3867125,-122.0842768,0.0013558231,Open
e14550c9-ada7-438d-bcfe-dcf5d755b083,Mountain View Public Library,37.3904195,-122.0834181,0.0013558231,Open
955e4c3a-b4ca-487a-addf-3dcb3bccef8e,Sight Optometry,37.3915755,-122.0802083,0.0013392415,Open
7b8ae8b1-e81e-487e-b10c-e1baa7703a41,Silicon Valley Community Foundation,37.3907418,-122.0817111,0.0013392415,Open
5017899e-754c-4801-9f67-33e5927460f9,Friends of the Mountain View Library,37.3902274,-122.083716,0.0013392415,Open
7ac8104d-e097-47d3-bcea-ae02c53b340b,Mountain View Chamber of Commerce,37.3892139,-122.0828405,0.0013392415,Open
f0e5d852-b90b-4761-8780-503ae2c90300,Mountain View Optometry,37.3900483,-122.0809066,0.0013392415,Open
a5fdfcad-7eae-45b4-9071-ec4619ea5981,Fashion Cuts,37.3929355,-122.08039,0.0013319135,Open
7f3ebfa0-f3ca-4f71-9bd4-64c219259b21,CHAC Family Resource Centers,37.3899673,-122.0803397,0.0013319135,Open
901c329e-a5f7-4460-bf37-ecabc15a5edc,Flat Rate Towing,37.388368,-122.081211,0.0013319135,Open
9a9d8984-971c-46a8-95c1-3064be098398,Dana Oriental Market,37.3915415,-122.080827,0.0013319135,Open
d91a44c3-b404-4aa7-b402-1731b3500490,Acupuncture and Chinese Medical Group,37.3914973,-122.0801205,0.0013266937,Open
417eb253-a1ec-45f0-9184-b3c260d98b35,Orchid Life Acupunctute & Wellness,37.391569,-122.08019,0.0013266937,Open
85588144-a196-4370-af44-0c51a456ca34,Rapyd,37.39329,-122.07813,0.0013056602,Open
12406b6a-c6f1-4c9a-9635-10b22b931257,The UPS Store 1847,37.3878398,-122.083013,0.001297607,Open
f7344936-ac7b-45c3-be70-675a038192ca,Dolatch Construction Inc,37.3866973,-122.0842874,0.001286676,Open
4aa7af1c-84f7-447f-a5fb-e4650f3e80b0,Mountain View Art & Wine Festival,37.3903287,-122.08116,0.001286676,Open
6e96495c-b1fa-4001-b653-7078433ffcf4,Park Place Monitoring,37.389089,-122.084517,0.0012805169,Open
fb6058af-58af-48aa-a360-a6ac0796efcb,"Mike Jerant Guitar, Bass, Uke and Piano Instruction",37.3929929,-122.0790878,0.0012800735,Open
69b1565e-f2ca-4cb6-99a9-581d90928d08,Koncept Education Inc.,37.3866919,-122.0842853,0.0012800735,Open
68fc192d-3615-4085-a4dc-403f606f5d3d,AR Gym,37.387959,-122.08232,0.001266436,Open
ccce7f98-6ca6-4592-9b6d-9af7c3b9d222,Elegance Hair Salon,37.3921866,-122.078324,0.001262873,Open
b5985e4c-8612-4fb9-a6d6-a8282ab7843b,Facial Town,37.392935,-122.0789533,0.001262873,Open
566d39ef-afc0-46a7-ad29-78c303e3b49c,Wong Irene S,37.3891961,-122.081504,0.0012620197,Open
eca8419c-d11d-46a2-a172-61f8af1753b5,Newsela Fax,37.394527,-122.078737,0.0012620197,Open
0a5183ff-86db-4022-8bb7-a2b746160bde,Google Store,37.38936,-122.08131,0.0012561369,Open
5f2083fe-1169-4c12-b3ad-4f1304b0e21f,ThoughtSpot,37.3906012,-122.0813614,0.001250304,Open
03a80265-5384-49a6-97ca-0052e617dabc,Centrl,37.3929325,-122.0789539,0.001250304,Open
67f9159e-f3d6-4d1e-8fb7-ba984946f96b,Platform9 Systems,37.3865444,-122.0842974,0.001250304,Open
4c8e4ff5-e8ab-4cf7-af8e-a2dd946bc6f7,Aera Technology,37.3908456,-122.0797051,0.001250304,Open
c23ae52c-9097-4847-823f-de7485cdc4bc,IWANDO,37.3867423,-122.083971,0.001250304,Open
6c6ba282-a37c-4c1b-b888-a0a1fb04656c,Velocity Software Inc,37.3940217,-122.0790453,0.001250304,Open
330b343c-7c48-4c47-a323-4eaa0a7384b0,Menlo Security,37.3867092,-122.0842799,0.001250304,Open
3cba84dc-d62d-4722-aae4-1307f59e6f20,Spot Trender,37.3879105,-122.083122,0.001250304,Open
42bf4317-6a6d-451c-94cc-4867c8c95a9c,CISC Semiconductor Corp.,37.3866985,-122.084321,0.001250304,Open
f4c672f7-a3bb-45cb-9b9c-108d025bac2f,Factored,37.39117,-122.0813,0.0012437174,Open
7d032b10-64a5-4d46-87fa-651bc6711db3,Intelligent Mortgage Inc,37.3867132,-122.0842733,0.0012313196,Open
453ab265-b55c-4925-8b98-c5e6ded10201,LeverX Inc,37.3866732,-122.0843999,0.00123052,Open
575b8960-e6fb-4109-9594-63d006562b8f,The Elephant In The Room Diversity Trainings,37.3880399,-122.0831043,0.00123052,Open
89508f8d-9e34-4cfa-b2b7-1f48a8d36e79,LibertyX Bitcoin ATM,37.3923524,-122.0790608,0.0012227591,Open
4aee7654-767a-44bc-8cf3-c21d8108e822,Design Mania,37.3916749,-122.0805212,0.001211663,Open
4ed04766-97bb-41ea-baf9-aef2dce0585f,CD Web Marketing,37.3866878,-122.0842546,0.0012070581,Open
95449405-2d9e-45e8-8882-e8f889a95105,Axess Cleaners,37.3879884,-122.0829957,0.0012067937,Open
b32e71e3-7516-474a-a281-a5baf46d8aaa,Doota,37.3865649,-122.0841769,0.0011632418,Open
cca20ab2-8974-4be6-b2aa-65267b7d6316,Lot 8,37.3937599,-122.0773568,0.0011602195,Open
b23bf645-746a-42b2-9cfc-45cfec30f515,N California Health & Acupuncture,37.3915177,-122.0801808,0.0011602195,Open
8dce7735-caed-4b8e-914f-536f89681b30,Holistic AcuCare,37.391499,-122.0801185,0.0011602195,Open
158873a4-d081-4e1b-909e-2d99ef2dac9e,Mercy-Bush Park,37.3884513,-122.0777911,0.0011536349,Open
730bad70-5a9f-42e7-8f0c-af9a9d8dce77,Site for Sore Eyes,37.3879235,-122.0829577,0.0011499532,Open
578cd019-24ca-4fe7-be22-343b56384566,Miko Robot USA,37.3865385,-122.0843287,0.001146592,Open
8bc20812-0310-404f-8ca4-0b8d0091210e,Arimo,37.39437,-122.07975,0.001146592,Open
36b78e57-a307-4495-81bf-1a2e55ae4a05,Nebula,37.393434,-122.078891,0.001146592,Open
dfcf2023-7cf4-471a-b989-1e160ad0eb5a,Edvidya,37.3935,-122.0791,0.0011445987,Open
215fc1d3-aca9-49f1-a484-9e4eb0477093,MIchael Miller,37.3935,-122.0791,0.0011417934,Open
e3451244-489f-4a99-8c80-33611db70ea7,23andMe,37.3952423,-122.0792172,0.0011330858,Open
d434f4da-dea6-47f8-8246-0229dd0118a7,Public Parking,37.39515,-122.0796879,0.0011218297,Open
f4d6db0f-9516-4de5-9d03-6b95d4ac57cd,DrumWave Inc,37.3945187,-122.0787175,0.0011080175,Open
74b701c4-638e-4a38-9216-114e3b7b9844,Jiff Inc,37.3934988,-122.0790637,0.0011080175,Open
9fd33f50-bd26-4f22-91ec-637a6a5befe1,SentinelOne,37.3905336,-122.081867,0.0011080175,Open
defd7c82-ad95-49a9-afdc-e632e7224a5c,StarTree Inc,37.3933989,-122.0770399,0.0011080175,Open
4b64e151-b540-41cf-9bda-ff2764b51b3d,Health Gorilla,37.3869031,-122.0840683,0.0011080175,Open
37739dca-86c6-417d-b0b4-ba41fea7e999,Smartcar,37.3880523,-122.0830755,0.0011080175,Open
b5260cdf-e9e1-4ff0-920f-f00f68aacb5c,WhoAPI,37.3867007,-122.0842708,0.0011080175,Open
cc66d6eb-8303-4fb1-95d5-e5092cdc1f20,Confluent,37.3953392,-122.0789984,0.0011080175,Open
a4153d0c-6cb8-4499-acf7-3b89193f8530,Real X Inc,37.3866727,-122.0841089,0.0011080175,Open
2d9c76e8-36f7-4e10-9449-3950ee1d1d22,HBYM Tramites Legales,37.3894122,-122.0790946,0.001092523,Open
e81fc229-dbe2-45db-afc6-3be4a4cfbfa3,Aruba Salon,37.3867302,-122.0832226,0.0010853813,Open
d3bcab3e-91cc-41aa-9816-a48c8812a62e,Studio 364,37.391882,-122.080379,0.0010853813,Open
be769ddf-1883-4bf4-8522-6752aa9b4030,Safari Kid,37.3866386,-122.0850292,0.0010556952,Open
0740591b-0465-4aab-91f2-cb76ac3bbbac,Moving Optimal Chiropractic,37.3928165,-122.0801776,0.001047911,Open
8e92d649-fa8c-423e-aeac-653a395a0433,Asahi Glass,37.390531,-122.081377,0.0010445039,Open
637e69e1-b5f9-4fd5-836e-6993c50dbf90,Friendly Yellow Cab,37.393617,-122.076826,0.0010445039,Open
04a0994f-5f5b-4d4d-a812-9fa2c27576e4,Fenwick and West,37.3912911,-122.0811251,0.0010432712,Open
2a7810d1-561f-428a-8dc8-a25228421785,Kalia Law P.C.,37.3866799,-122.0843669,0.0010432712,Open
468b5763-1d7b-4672-8d34-520b14c439fc,Ada Lash,37.393571,-122.0781387,0.0010338268,Open
ee90b85f-68e6-4936-83ae-88132b37c039,Spangler Mortuary,37.3871645,-122.0829604,0.0010274623,Open
136f4def-b08a-4c6f-ba28-c31b303695c0,Yellowbrick Data,37.3921932,-122.0780125,0.0010209384,Open
48186658-e500-4b4d-90b2-0d99651c3f37,Passware,37.38653,-122.08409,0.00098676,Open
abb77358-607f-41d2-859b-e927c2a0e820,Mountain View High School Castro St Mountain View CA,37.3881,-122.08305,0.000985966,Open
56caf038-0dd8-4af4-9634-3a1d9940ed75,Kaiser Permanente,37.3892611,-122.0814637,0.0009771921,Open
d028c57f-0fbc-4503-b9e7-1e46389ca652,Transform Fitness Studio,37.3921548,-122.079887,0.00096146343,Open
c548c0f9-e89f-4481-a006-49acf377aeac,Caltrain-Mountain View Caltrain,37.394463,-122.075956,0.00093553466,Open
94ec0b22-c779-4572-8e49-8da717c70b1a,Mountain View,37.3944788,-122.0759264,0.00093553466,Open
4db90cb3-3ba6-42a5-93d5-52896cdb84c2,Chhabra Law Firm PC - A Patent Law Firm,37.39283,-122.079172,0.00092452345,Open
352c47a0-9319-430c-86ee-241b703088c2,"Edwin Resuello, Real Estate Broker",37.3896357,-122.0817378,0.0009186964,Open
4a34f99a-91f5-4262-9726-fc2ee7946ad8,My Hair Lady,37.39305,-122.07991,0.0009073742,Open
2ed0d97a-e40a-490c-b071-eed6399f929a,Bella on villa salon,37.3937147,-122.0785016,0.0008794763,Open
c5664a1b-2d58-47a4-9676-dbd4de450b66,Humu,37.39366,-122.0765359,0.0008272234,Open
a471cec2-b70b-4ab3-9a64-770f882f54a2,Redbubble,37.388065,-122.082815,0.00080752943,Open
9f71e5bd-7d84-410f-aed1-a8bc985450b5,"Fire Works, a paint your own ceramics place",37.3898,-122.079816,0.0007961767,Open
b52c5b76-774d-4ca2-a758-6a6faf99e6fa,Planetscale,37.392529,-122.078698,0.0007909464,Open
15115598-b1ad-4dc3-86df-1546511a02cd,Outingz,37.38653,-122.08409,0.00077610253,Open
0962c995-9d22-4087-916d-bba48aab1e6d,Monte Vista Apartments,37.3919127,-122.0759212,0.00077610253,Open
ce56e351-9739-40ac-ae7e-5bbd2fad3510,Mountain View Home,37.3896357,-122.0817378,0.00077610253,Open
2055463a-ff28-425d-950e-861dc5471a95,Mariano Castro Elementary School,37.392568,-122.077269,0.0007662563,Open
5e3cbf11-2f04-4730-9e3d-5b542d0636a5,Viakoo,37.3879191,-122.0831212,0.0007368483,Open
9482f6d5-cb72-4504-b469-432b94751734,Stampli,37.3916156,-122.0806869,0.0007368483,Open
c4487e29-a76d-4303-aab0-280708299223,Omnify,37.3866582,-122.084213,0.0007368483,Open
3adb8a92-73e9-447e-9118-71ce44f6ac25,Utobo Inc,37.3867056,-122.0842708,0.0007368483,Open
59036ff1-77b3-4c36-a72a-a97dc0a37a35,EVelopers,37.3866981,-122.0842455,0.0007368483,Open
523d8e95-5d9c-4ec4-a20e-71f63cd49b86,Protonshub Technologies,37.3866954,-122.084289,0.0007368483,Open
66ca1459-c892-4c36-b658-4f013c0f90eb,"Ricksoft, Inc.",37.3867013,-122.0842773,0.0007368483,Open
7aa37f8b-d4e4-4528-a7b5-0091012b03c3,Grit Mindset Therapy,37.3866915,-122.0842449,0.0007342072,Open
d06282c8-5b0e-4159-98a0-8d5ae9df8f7e,Intuit,37.392361,-122.07876,0.0007299317,Open
25a191fd-adee-431f-8102-fa32a8b7ef72,Opal Event Center,37.3930999,-122.079,0.0007217687,Open
c68377ae-e5c2-4517-abe7-92ced04ed53f,Nail Care By Susan,37.394351,-122.079801,0.00071139744,Open
bddf5776-98f8-4781-9078-b0483ebc7a75,Modlin Legal,37.3866673,-122.0841186,0.000675714,Open
67d1b3f1-8149-48ee-870e-4226131cfda6,El Dorado - Mt. View,37.3931182,-122.0759732,0.00065869937,Open
9215b41c-14f5-49bf-a19c-90d36678cb22,Berlin Wall Memorial,37.390139,-122.083683,0.00065869937,Open
a6433416-73fc-468d-afce-8af44e898505,Cherith Analytics,37.3880476,-122.0831346,0.00065869937,Open
62b2cefb-adb4-48d5-8786-bd3b802743ba,Wells Fargo Bank,37.3886797,-122.0819982,0.00065226643,Open
73097365-ea30-4483-aa4e-4f2cf80c7fae,Excellent Nails,37.386769,-122.0831752,0.0005786394,Open
56a655bf-8be7-480e-a99d-5e783735096f,Downtown Mountain View Station,37.3943974,-122.076805,0.000562704,Open
f467f739-5fb9-4345-b368-eaebfac14195,St. Joseph Parish,37.3884888,-122.0812179,0.00051370304,Open
20697449-a635-4160-88b5-22f0a2493f8f,St. Joseph Parish Mission 2019,37.38815,-122.08149,0.00051370304,Open
520a39dd-4904-4943-88e7-d3473ecafea1,Eagle's Aerie 2356,37.3940561,-122.0786974,0.00051370304,Open
f3b8090d-09fd-4c70-af8b-8e58f525cda7,Joker City,37.3878766,-122.0847666,0.00051370304,Open
999c3744-da16-4ac5-b6fc-dfebe51b23b9,Gbox,37.3934143,-122.0781469,0.00045021944,Open
a087403f-0826-46d0-9615-949f62942172,Omnissa Workspace ONE,37.3935,-122.0791,0.00044414512,Open
74c6c041-f329-40d5-9e26-c6b0d73524fd,"St. Joseph's Seminary, Mountain View CA",37.3896357,-122.0817378,0.000431159,Open
cdb6b9ed-9323-4f23-896a-5f0b48941ce8,LinkedIn Talent Solutions,37.3896357,-122.0817378,0.0004262767,Open
e85aec3b-953e-4965-bd43-57e31204ea82,Castro station,37.3943007,-122.0762016,0.00040578903,Open
a5500cfd-71b4-4727-852e-ac3b4ec7c988,Edward Jones,37.3867756,-122.0864211,0.000400237,Open
c6348208-a32a-4d64-9e5d-4bcebd8b69f7,Wealth Architects,37.3865265,-122.0843024,0.00039531582,Open
1126adb0-4799-465c-a83b-d4f8212cef1f,芒廷維尤 (加利福尼亞州),37.3938951,-122.08203,0.00039238782,Open
820ef29c-3d5d-408d-bdb5-6f7b302c1f27,Direct Mail for Mac,37.3947096,-122.0760441,0.00036581297,Open
7ed0c8e5-83e3-43fa-a588-a6ae03d2f594,Sunday Assembly Silicon Valley,37.3893408,-122.0842643,0.00028408668,Open
1c1704cf-c454-494b-9a36-b8324b5b869b,EOS Data Analytics,37.3867055,-122.0842871,0.0002769613,Open
e44b3bc3-8940-41b3-b537-eb5236f8c794,Playco,37.390661,-122.0807646,0.0002769613,Open
18969ba6-43d7-4ac7-9749-bb25f2a9a958,AP Investment Management,37.3866,-122.08353,0.00026282202,Open
2dd322a5-08c3-45cb-82d4-9f0fc2ed8fc7,VTA Mountain View Light Rail Station,37.3946534,-122.0766296,0.00025303668,Open
bbbf75d9-e03e-4b0a-9f30-f8f93a764497,MVSustainability,37.38941,-122.08217,0.00021210324,Open
1ec0ec06-b2c1-4976-9e29-5a240747c739,Lugelo Storybook,37.3878536,-122.0828591,0.0001578096,Open
fbe98589-1ffb-4747-a62f-ffbff7163679,Pactum AI Inc.,37.3866959,-122.0842044,0.0001578096,Open
